{
  "closed_eye": {
    "precision": 0.9096162395735966,
    "recall": 0.9230769230769231,
    "f1": 0.9162971486094978,
    "ap50": 0.9166859117434754,
    "ap50_95": 0.5795495716335297
  },
  "closed_mouth": {
    "precision": 0.9821428571428571,
    "recall": 1.0,
    "f1": 0.9909909909909909,
    "ap50": 0.995,
    "ap50_95": 0.718911680929367
  },
  "open_eye": {
    "precision": 0.9672996858768381,
    "recall": 0.9361031579136028,
    "f1": 0.951445768353424,
    "ap50": 0.9723431771465718,
    "ap50_95": 0.627557472675824
  },
  "open_mouth": {
    "precision": 1.0,
    "recall": 0.9955027911896142,
    "f1": 0.9977463279779705,
    "ap50": 0.995,
    "ap50_95": 0.8511268726847853
  },
  "mAP50": 0.9697572722225118,
  "mAP50_95": 0.6942863994808764
}